Date,dxy
1978-01-31,94.6
1978-02-28,94.6
1978-03-31,93.84
1978-04-28,95.62
1978-05-31,95.46
1978-06-30,93.53
1978-07-31,90.94
1978-08-31,90.0
1978-09-29,88.83
1978-10-31,83.07
1978-11-30,90.22
1978-12-29,86.5
1979-01-31,88.86
1979-02-28,88.18
1979-03-30,88.53
1979-04-30,89.98
1979-05-31,90.53
1979-06-29,87.85
1979-07-31,87.31
1979-08-31,87.19
1979-09-28,85.45
1979-10-31,88.95
1979-11-30,86.79
1979-12-31,85.82
1980-01-31,86.14
1980-02-29,87.65
1980-03-31,93.58
1980-04-30,88.11
1980-05-30,85.93
1980-06-30,85.2
1980-07-31,86.08
1980-08-29,85.85
1980-09-30,86.02
1980-10-31,88.38
1980-11-28,90.01
1980-12-31,90.39
1981-01-30,95.24
1981-02-27,97.06
1981-03-31,96.76
1981-04-30,100.45
1981-05-29,104.95
1981-06-30,107.71
1981-07-31,111.72
1981-08-31,110.28
1981-09-30,107.73
1981-10-30,106.13
1981-11-30,103.18
1981-12-31,104.69
1982-01-29,108.03
1982-02-26,111.93
1982-03-31,114.73
1982-04-30,111.6
1982-05-31,112.79
1982-06-30,119.04
1982-07-30,119.05
1982-08-31,120.29
1982-09-30,122.2
1982-10-29,124.78
1982-11-30,121.0
1982-12-31,117.36
1983-01-31,121.12
1983-02-28,120.35
1983-03-31,122.21
1983-04-29,122.39
1983-05-31,123.79
1983-06-30,124.94
1983-07-29,128.44
1983-08-31,130.84
1983-09-30,128.35
1983-10-31,128.4
1983-11-30,130.64
1983-12-30,131.79
1984-01-31,135.51
1984-02-29,128.25
1984-03-30,128.22
1984-04-30,132.64
1984-05-31,133.69
1984-06-29,136.26
1984-07-31,141.29
1984-08-31,140.33
1984-09-28,147.55
1984-10-31,146.39
1984-11-30,149.21
1984-12-31,151.47
1985-01-31,152.72
1985-02-28,160.41
1985-03-29,149.18
1985-04-30,149.7
1985-05-31,147.86
1985-06-28,146.12
1985-07-31,137.26
1985-08-30,138.2
1985-09-30,132.12
1985-10-31,129.39
1985-11-29,124.99
1985-12-31,123.46
1986-01-31,121.52
1986-02-28,115.08
1986-03-31,117.92
1986-04-30,111.77
1986-05-30,117.51
1986-06-30,111.61
1986-07-31,108.04
1986-08-29,106.43
1986-09-30,106.74
1986-10-31,109.27
1986-11-28,105.92
1986-12-31,103.58
1987-01-30,99.86
1987-02-27,99.26
1987-03-31,97.11
1987-04-30,95.94
1987-05-29,97.77
1987-06-30,98.13
1987-07-31,99.79
1987-08-31,97.32
1987-09-30,98.57
1987-10-30,93.65
1987-11-30,89.15
1987-12-31,85.42
1988-01-29,90.34
1988-02-29,90.53
1988-03-31,88.3
1988-04-29,89.16
1988-05-31,91.09
1988-06-30,95.41
1988-07-29,97.53
1988-08-31,98.42
1988-09-30,97.69
1988-10-31,93.76
1988-11-30,90.53
1988-12-30,92.5
1989-01-31,96.77
1989-02-28,94.9
1989-03-31,98.14
1989-04-28,97.71
1989-05-31,102.98
1989-06-30,102.02
1989-07-31,97.39
1989-08-31,102.28
1989-09-29,98.47
1989-10-31,98.07
1989-11-30,96.27
1989-12-29,93.21
1990-01-31,92.41
1990-02-28,93.29
1990-03-30,93.69
1990-04-30,93.07
1990-05-31,92.98
1990-06-29,91.15
1990-07-31,87.17
1990-08-31,86.56
1990-09-28,86.0
1990-10-31,83.28
1990-11-30,82.93
1990-12-31,83.07
1991-01-31,82.0
1991-02-28,84.08
1991-03-29,92.02
1991-04-30,91.54
1991-05-31,93.13
1991-06-28,96.06
1991-07-31,93.49
1991-08-30,93.49
1991-09-30,89.9
1991-10-31,89.93
1991-11-29,88.19
1991-12-31,83.52
1992-01-31,87.49
1992-02-28,88.99
1992-03-31,89.65
1992-04-30,89.62
1992-05-29,87.22
1992-06-30,83.72
1992-07-31,81.91
1992-08-31,78.88
1992-09-30,81.1
1992-10-30,87.63
1992-11-30,90.84
1992-12-31,92.36
1993-01-29,92.46
1993-02-26,94.05
1993-03-31,91.87
1993-04-30,89.49
1993-05-31,89.08
1993-06-30,93.63
1993-07-30,95.37
1993-08-31,93.95
1993-09-30,92.82
1993-10-29,95.08
1993-11-30,96.21
1993-12-31,96.84
1994-01-31,95.59
1994-02-28,94.55
1994-03-31,93.06
1994-04-29,92.12
1994-05-31,92.52
1994-06-30,89.62
1994-07-29,89.87
1994-08-31,89.67
1994-09-30,87.88
1994-10-31,85.69
1994-11-30,89.13
1994-12-30,88.73
1995-01-31,87.99
1995-02-28,85.93
1995-03-31,81.9
1995-04-28,81.8
1995-05-31,82.57
1995-06-30,81.58
1995-07-31,81.57
1995-08-31,85.57
1995-09-29,84.29
1995-10-31,83.66
1995-11-30,85.26
1995-12-29,84.76
1996-01-31,87.38
1996-02-29,86.29
1996-03-29,86.52
1996-04-30,88.02
1996-05-31,87.78
1996-06-28,87.82
1996-07-31,85.9
1996-08-30,86.36
1996-09-30,87.94
1996-10-31,87.43
1996-11-29,87.92
1996-12-31,88.18
1997-01-31,93.04
1997-02-28,94.89
1997-03-31,94.72
1997-04-30,97.18
1997-05-30,94.85
1997-06-30,95.67
1997-07-31,99.64
1997-08-29,99.0
1997-09-30,97.11
1997-10-31,95.64
1997-11-28,97.79
1997-12-31,99.65
1998-01-30,100.79
1998-02-27,99.82
1998-03-31,101.5
1998-04-30,99.71
1998-05-29,100.45
1998-06-30,101.17
1998-07-31,101.2
1998-08-31,100.2
1998-09-30,96.17
1998-10-30,93.73
1998-11-30,96.2
1998-12-31,94.17
1999-01-29,96.08
1999-02-26,98.68
1999-03-31,100.1
1999-04-30,101.0
1999-05-31,102.51
1999-06-30,102.85
1999-07-30,99.75
1999-08-31,99.95
1999-09-30,98.54
1999-10-29,99.06
1999-11-30,101.99
1999-12-31,101.87
2000-01-31,105.13
2000-02-29,105.92
2000-03-31,105.44
2000-04-28,110.14
2000-05-31,108.74
2000-06-30,106.84
2000-07-31,109.57
2000-08-31,112.6
2000-09-29,113.25
2000-10-31,116.65
2000-11-30,115.24
2000-12-29,109.56
2001-01-31,110.52
2001-02-28,112.01
2001-03-30,117.37
2001-04-30,115.85
2001-05-31,119.07
2001-06-29,119.43
2001-07-31,117.18
2001-08-31,113.42
2001-09-28,113.48
2001-10-31,114.86
2001-11-30,116.13
2001-12-31,116.75
2002-01-31,120.24
2002-02-28,119.16
2002-03-29,118.62
2002-04-30,115.19
2002-05-31,111.81
2002-06-28,106.11
2002-07-31,107.41
2002-08-30,106.98
2002-09-30,106.87
2002-10-31,106.64
2002-11-29,106.41
2002-12-31,101.85
2003-01-31,99.91
2003-02-28,99.71
2003-03-31,99.06
2003-04-30,97.19
2003-05-30,93.27
2003-06-30,94.73
2003-07-31,96.89
2003-08-29,98.1
2003-09-30,92.85
2003-10-31,92.73
2003-11-28,90.21
2003-12-31,86.92
2004-01-30,87.2
2004-02-27,87.31
2004-03-31,87.61
2004-04-30,90.48
2004-05-31,88.95
2004-06-30,88.8
2004-07-30,89.96
2004-08-31,88.94
2004-09-30,87.36
2004-10-29,84.91
2004-11-30,81.82
2004-12-31,80.85
2005-01-31,83.6
2005-02-28,82.51
2005-03-31,84.06
2005-04-29,84.43
2005-05-31,87.76
2005-06-30,89.11
2005-07-29,89.35
2005-08-31,87.58
2005-09-30,89.52
2005-10-31,90.07
2005-11-30,91.57
2005-12-30,91.17
2006-01-31,88.96
2006-02-28,90.11
2006-03-31,89.73
2006-04-28,86.11
2006-05-31,84.72
2006-06-30,85.22
2006-07-31,85.3
2006-08-31,85.05
2006-09-29,85.97
2006-10-31,85.32
2006-11-30,82.92
2006-12-29,83.72
2007-01-31,84.61
2007-02-28,83.57
2007-03-30,82.93
2007-04-30,81.45
2007-05-31,82.3
2007-06-29,81.92
2007-07-31,80.77
2007-08-31,80.79
2007-09-28,77.72
2007-10-31,76.48
2007-11-30,76.15
2007-12-31,76.69
2008-01-31,75.18
2008-02-29,73.71
2008-03-31,71.8
2008-04-30,72.51
2008-05-30,72.88
2008-06-30,72.46
2008-07-31,73.23
2008-08-29,77.38
2008-09-30,79.45
2008-10-31,85.63
2008-11-28,86.52
2008-12-31,81.15
2009-01-30,85.83
2009-02-27,88.17
2009-03-31,85.51
2009-04-30,84.82
2009-05-29,79.23
2009-06-30,80.16
2009-07-31,78.35
2009-08-31,78.17
2009-09-30,76.65
2009-10-30,76.3
2009-11-30,74.78
2009-12-31,77.86
2010-01-29,79.46
2010-02-26,80.36
2010-03-31,81.07
2010-04-30,81.87
2010-05-31,86.59
2010-06-30,86.02
2010-07-30,81.54
2010-08-31,83.2
2010-09-30,78.72
2010-10-29,77.27
2010-11-30,81.19
2010-12-31,79.03
2011-01-31,77.73
2011-02-28,76.89
2011-03-31,75.86
2011-04-29,72.93
2011-05-31,74.64
2011-06-30,74.3
2011-07-29,73.9
2011-08-31,74.12
2011-09-30,78.55
2011-10-31,76.17
2011-11-30,78.38
2011-12-30,80.18
2012-01-31,79.29
2012-02-29,78.74
2012-03-30,79.0
2012-04-30,78.78
2012-05-31,83.04
2012-06-29,81.63
2012-07-31,82.64
2012-08-31,81.21
2012-09-28,79.93
2012-10-31,79.92
2012-11-30,80.15
2012-12-31,79.77
2013-01-31,79.21
2013-02-28,81.95
2013-03-29,83.22
2013-04-30,81.75
2013-05-31,83.26
2013-06-28,83.14
2013-07-31,81.45
2013-08-30,82.09
2013-09-30,80.22
2013-10-31,80.19
2013-11-29,80.68
2013-12-31,80.04
2014-01-31,81.31
2014-02-28,79.69
2014-03-31,80.1
2014-04-30,79.47
2014-05-30,80.37
2014-06-30,79.78
2014-07-31,81.46
2014-08-29,82.75
2014-09-30,85.94
2014-10-31,86.92
2014-11-28,88.36
2014-12-31,90.27
2015-01-30,94.8
2015-02-27,95.32
2015-03-31,98.36
2015-04-30,94.6
2015-05-29,96.91
2015-06-30,95.49
2015-07-31,97.34
2015-08-31,95.82
2015-09-30,96.35
2015-10-30,96.95
2015-11-30,100.17
2015-12-31,98.63
2016-01-29,99.61
2016-02-29,98.21
2016-03-31,94.59
2016-04-29,93.08
2016-05-31,95.89
2016-06-30,96.14
2016-07-29,95.53
2016-08-31,96.02
2016-09-30,95.46
2016-10-31,98.44
2016-11-30,101.5
2016-12-30,102.21
2017-01-31,99.51
2017-02-28,101.12
2017-03-31,100.35
2017-04-28,99.05
2017-05-31,96.92
2017-06-30,95.63
2017-07-31,92.86
2017-08-31,92.67
2017-09-29,93.08
2017-10-31,94.55
2017-11-30,93.05
2017-12-29,92.12
2018-01-31,89.13
2018-02-28,90.61
2018-03-30,89.97
2018-04-30,91.84
2018-05-31,93.99
2018-06-29,94.64
2018-07-31,94.49
2018-08-31,95.14
2018-09-28,95.13
2018-10-31,97.13
2018-11-30,97.27
2018-12-31,96.17
2019-01-31,95.58
2019-02-28,96.16
2019-03-29,97.28
2019-04-30,97.48
2019-05-31,97.75
2019-06-28,96.13
2019-07-31,98.52
2019-08-30,98.92
2019-09-30,99.38
2019-10-31,97.35
2019-11-29,98.27
2019-12-31,96.39
2020-01-31,97.39
2020-02-28,98.13
2020-03-31,99.05
2020-04-30,99.02
2020-05-29,98.34
2020-06-30,97.39
2020-07-31,93.35
2020-08-31,92.14
2020-09-30,93.89
2020-10-30,94.04
2020-11-30,91.87
2020-12-31,89.94
2021-01-29,90.58
2021-02-26,90.88
2021-03-31,93.23
2021-04-30,91.28
2021-05-31,90.03
2021-06-30,92.44
2021-07-30,92.17
2021-08-31,92.63
2021-09-30,94.23
2021-10-29,94.12
2021-11-30,95.99
2021-12-31,95.97
2022-01-31,96.54
2022-02-28,96.71
2022-03-31,98.31
2022-04-29,102.96
2022-05-31,101.75
2022-06-30,104.68
2022-07-29,105.9
2022-08-31,108.7
2022-09-30,112.12
2022-10-31,111.53
2022-11-30,105.95
2022-12-30,103.52
2023-01-31,102.1
2023-02-28,104.87
2023-03-31,102.51
2023-04-28,101.66
2023-05-31,104.33
2023-06-30,102.91
2023-07-31,101.86
2023-08-31,103.62
2023-09-29,106.22
2023-10-31,106.66
2023-11-30,103.5
2023-12-29,101.33
2024-01-31,103.27
2024-02-29,104.16
2024-03-29,104.55
2024-04-30,106.22
2024-05-31,104.67
2024-06-28,105.87
2024-07-31,104.1
2024-08-30,101.7
2024-09-30,100.78
2024-10-31,103.98
2024-11-29,105.74
2024-12-31,108.49
2025-01-31,108.37
2025-02-28,107.61
2025-03-31,104.21
2025-04-30,99.47
2025-05-30,99.33
2025-06-30,96.88
2025-07-31,99.97
2025-08-29,97.77
2025-09-30,97.78
#2025-10-31,99.8
